{
  "timestamp": "20250823_162404",
  "technique": "Exact 72.41% DA Reproduction with 70% Auto-Stop",
  "da": 75.0,
  "rmse": 0.010240126896601271,
  "r2": -14.000600660691763,
  "target_da_original": 72.41,
  "target_da_objective": 70.0,
  "objective_70_achieved": 