Model,MSE,RMSE,MAE,R2,MAPE,DA
NaiveForecastModel,2.5e-05,0.005025,0.00379,0.976684,0.35732,50.0
ARIMAModel,2.6e-05,0.005063,0.00382,0.976333,0.360156,50.449102
