Model,MSE,RMSE,MAE,R2,MAPE,DA
NaiveForecastModel,2.5e-05,0.005025,0.00379,0.976684,0.35732,50.0
ARIMAModel,3e-05,0.005448,0.004185,0.972595,0.394693,49.550898
