{
  "timestamp": "2025-08-22 21:49:52",
  "technique": "Advanced Rolling Forecast with Re-training",
  "inspiration": "ARIMA incremental model fitting",
  "best_da": 0.4827586206896552,
  "avg_improvement_vs_naive": -0.12192118226600981,
  "successful_models": 0,
  "total_models": 2,
  "results": [
    {
      "model_name": "HybridLSTMAttentionModel",
      "advanced_rmse": 0.027115376432077783,
      "advanced_r2": -9.9229044860178,
      "advanced_da": 0.3448275862068966,
      "naive_da": 0.5357142857142857,
      "da_vs_naive": -0.19088669950738912,
      "predictions_count": 30,
      "optuna_params": {
        "hidden_size": 128,
        "learning_rate": 0.0021105434981689274,
        "dropout_prob": 0.10292564449780778,
        "batch_size": 32,
        "seq_length": 30
      }
    },
    {
      "model_name": "TLS_LSTMModel",
      "advanced_rmse": 0.029879535189038065,
      "advanced_r2": -12.263389837978064,
      "advanced_da": 0.4827586206896552,
      "naive_da": 0.5357142857142857,
      "da_vs_naive": -0.052955665024630505,
      "predictions_count": 30,
      "optuna_params": {
        "hidden_size": 512,
        "learning_rate": 0.0006640438578724378,
        "dropout_prob": 0.19979269004684524,
        "batch_size": 16,
        "seq_length": 30
      }
    }
  ]
}