{
  "timestamp": "2025-08-24 11:08:54",
  "technique": "Advanced Rolling Forecast with Re-training",
  "inspiration": "ARIMA incremental model fitting",
  "best_da": 0.4827586206896552,
  "avg_improvement_vs_naive": -0.052955665024630505,
  "successful_models": [],
  "total_models": 1,
  "results": [
    {
      "model_name": "BidirectionalDeepLSTMModel",
      "advanced_rmse": 0.013941037169858035,
      "advanced_r2": -1.8873340360999458,
      "advanced_da": 0.4827586206896552,
      "naive_da": 0.5357142857142857,
      "da_vs_naive": -0.052955665024630505,
      "predictions_count": 30,
      "optuna_params": {
        "hidden_size": 512,
        "learning_rate": 0.0005359644798126345,
        "dropout_prob": 0.25661047417121563,
        "batch_size": 16,
        "seq_length": 30
      }
    }
  ]
}