{
  "timestamp": "2025-08-22 22:52:14",
  "technique": "Advanced Rolling Forecast with Re-training",
  "inspiration": "ARIMA incremental model fitting",
  "best_da": 0.6551724137931034,
  "avg_improvement_vs_naive": 0.11945812807881773,
  "successful_models": 1,
  "total_models": 1,
  "results": [
    {
      "model_name": "GRU_Model",
      "advanced_rmse": 0.012977879211288536,
      "advanced_r2": -1.5021556127768267,
      "advanced_da": 0.6551724137931034,
      "naive_da": 0.5357142857142857,
      "da_vs_naive": 0.11945812807881773,
      "predictions_count": 30,
      "optuna_params": {
        "hidden_size": 128,
        "learning_rate": 0.0010059426888791,
        "dropout_prob": 0.3441023356173669,
        "batch_size": 16,
        "seq_length": 60
      }
    }
  ]
}