{
  "timestamp": "2025-08-23 16:17:00",
  "technique": "Advanced Rolling Forecast with Re-training",
  "inspiration": "ARIMA incremental model fitting",
  "best_da": 0.6206896551724138,
  "avg_improvement_vs_naive": 0.08497536945812811,
  "successful_models": 1,
  "total_models": 1,
  "results": [
    {
      "model_name": "GRU_Model",
      "advanced_rmse": 0.01236651304469061,
      "advanced_r2": -1.271963657121125,
      "advanced_da": 0.6206896551724138,
      "naive_da": 0.5357142857142857,
      "da_vs_naive": 0.08497536945812811,
      "predictions_count": 30,
      "optuna_params": {
        "hidden_size": 128,
        "learning_rate": 0.0010059426888791,
        "dropout_prob": 0.3441023356173669,
        "batch_size": 16
      },
      "target_achieved": "False"
    }
  ]
}