{
  "timestamp": "2025-08-22 15:08:15",
  "technique": "Advanced Rolling Forecast with Re-training",
  "inspiration": "ARIMA incremental model fitting",
  "best_da": 0.5172413793103449,
  "avg_improvement_vs_naive": -0.052955665024630505,
  "successful_models": 0,
  "total_models": 4,
  "results": [
    {
      "model_name": "BidirectionalDeepLSTMModel",
      "advanced_rmse": 0.02145011964257923,
      "advanced_r2": -5.835437204915058,
      "advanced_da": 0.4827586206896552,
      "naive_da": 0.5357142857142857,
      "da_vs_naive": -0.052955665024630505,
      "predictions_count": 30,
      "optuna_params": {
        "hidden_size": 512,
        "learning_rate": 0.0005359644798126345,
        "dropout_prob": 0.25661047417121563,
        "batch_size": 16,
        "seq_length": 30
      }
    },
    {
      "model_name": "GRU_Model",
      "advanced_rmse": 0.013539841538493965,
      "advanced_r2": -1.7235416646862367,
      "advanced_da": 0.5172413793103449,
      "naive_da": 0.5357142857142857,
      "da_vs_naive": -0.018472906403940836,
      "predictions_count": 30,
      "optuna_params": {
        "hidden_size": 128,
        "learning_rate": 0.0010059426888791,
        "dropout_prob": 0.3441023356173669,
        "batch_size": 16,
        "seq_length": 60
      }
    },
    {
      "model_name": "HybridLSTMAttentionModel",
      "advanced_rmse": 0.027666427457331055,
      "advanced_r2": -10.371376145622571,
      "advanced_da": 0.41379310344827586,
      "naive_da": 0.5357142857142857,
      "da_vs_naive": -0.12192118226600984,
      "predictions_count": 30,
      "optuna_params": {
        "hidden_size": 128,
        "learning_rate": 0.0021105434981689274,
        "dropout_prob": 0.10292564449780778,
        "batch_size": 32,
        "seq_length": 30
      }
    },
    {
      "model_name": "TLS_LSTMModel",
      "advanced_rmse": 0.031076990710133427,
      "advanced_r2": -13.347782220398981,
      "advanced_da": 0.5172413793103449,
      "naive_da": 0.5357142857142857,
      "da_vs_naive": -0.018472906403940836,
      "predictions_count": 30,
      "optuna_params": {
        "hidden_size": 512,
        "learning_rate": 0.0006640438578724378,
        "dropout_prob": 0.19979269004684524,
        "batch_size": 16,
        "seq_length": 30
      }
    }
  ]
}