{
  "timestamp": "2025-08-21 20:25:12",
  "config": {
    "initial_capital": 10000,
    "transaction_cost": 0.0001,
    "test_seeds": [
      42,
      123,
      987
    ]
  },
  "seed_analysis": {
    "random_returns": [
      18.584691593304292,
      6.995992868996215,
      -30.158297834199477
    ],
    "buy_hold_returns": [
      0.4264178689943554,
      0.4264178689943554,
      0.4264178689943554
    ],
    "random_stats": {
      "mean": -1.5258711239663232,
      "std": 20.791606944764187,
      "min": -30.158297834199477,
      "max": 18.584691593304292,
      "range": 48.74298942750377
    }
  },
  "best_strategy": {
    "name": "Random Trading (seed=42)",
    "metrics": {
      "total_return": 18.584691593304292,
      "annualized_return": 1.1126674953229054,
      "buy_hold_return": -25.31380753138075,
      "volatility": 669.6531708882624,
      "sharpe_ratio": -0.0013250627985530049,
      "max_drawdown": -56.483083930439626,
      "win_rate": 52.68361581920904,
      "profit_factor": 1.2419634610985315,
      "num_trades": 708,
      "final_capital": 11858.469159330429
    }
  },
  "results": {
    "Buy & Hold": {
      "type": "Baseline",
      "metrics": {
        "total_return": 0.4264178689943554,
        "annualized_return": 0.027625876975490016,
        "buy_hold_return": -25.31380753138075,
        "volatility": 27.176656367867114,
        "sharpe_ratio": -0.07257604086117775,
        "max_drawdown": -48.49676375567304,
        "win_rate": 100.0,
        "profit_factor": Infinity,
        "num_trades": 1,
        "final_capital": 10042.641786899436
      },
      "signal_method": "N/A",
      "model_name": "N/A",
      "seed": 987
    },
    "Random Trading (seed=42)": {
      "type": "Baseline",
      "metrics": {
        "total_return": 18.584691593304292,
        "annualized_return": 1.1126674953229054,
        "buy_hold_return": -25.31380753138075,
        "volatility": 669.6531708882624,
        "sharpe_ratio": -0.0013250627985530049,
        "max_drawdown": -56.483083930439626,
        "win_rate": 52.68361581920904,
        "profit_factor": 1.2419634610985315,
        "num_trades": 708,
        "final_capital": 11858.469159330429
      },
      "signal_method": "N/A",
      "model_name": "N/A",
      "seed": 42
    },
    "Random Trading (seed=123)": {
      "type": "Baseline",
      "metrics": {
        "total_return": 6.995992868996215,
        "annualized_return": 0.4399278078782265,
        "buy_hold_return": -25.31380753138075,
        "volatility": 673.667517946725,
        "sharpe_ratio": -0.002315789540924767,
        "max_drawdown": -52.605099452610695,
        "win_rate": 52.320675105485236,
        "profit_factor": 1.156806712691214,
        "num_trades": 711,
        "final_capital": 10699.599286899622
      },
      "signal_method": "N/A",
      "model_name": "N/A",
      "seed": 123
    },
    "Random Trading (seed=987)": {
      "type": "Baseline",
      "metrics": {
        "total_return": -30.158297834199477,
        "annualized_return": -2.3031155188624086,
        "buy_hold_return": -25.31380753138075,
        "volatility": 673.7678617527357,
        "sharpe_ratio": -0.006386644070063404,
        "max_drawdown": -65.52689249849692,
        "win_rate": 47.426981919332405,
        "profit_factor": 0.8409087707752365,
        "num_trades": 719,
        "final_capital": 6984.1702165800525
      },
      "signal_method": "N/A",
      "model_name": "N/A",
      "seed": 987
    },
    "BidirectionalDeepLSTMModel_threshold": {
      "type": "ML Model",
      "metrics": {
        "total_return": -6.229967418398974,
        "annualized_return": -2.14662036592157,
        "buy_hold_return": -8.832335329341301,
        "volatility": 502.6584527539721,
        "sharpe_ratio": -0.008249379560222272,
        "max_drawdown": -54.426423221848,
        "win_rate": 56.060606060606055,
        "profit_factor": 0.9525922610362968,
        "num_trades": 198,
        "final_capital": 9377.003258160103
      },
      "signal_method": "threshold",
      "model_name": "BidirectionalDeepLSTMModel",
      "seed": "N/A"
    },
    "BidirectionalDeepLSTMModel_directional": {
      "type": "ML Model",
      "metrics": {
        "total_return": 2.3382771913749156,
        "annualized_return": 0.7827831853570499,
        "buy_hold_return": -8.832335329341301,
        "volatility": 55.46555661170024,
        "sharpe_ratio": -0.02194545388166506,
        "max_drawdown": -10.76916778585958,
        "win_rate": 42.26519337016575,
        "profit_factor": 1.1229474160320634,
        "num_trades": 362,
        "final_capital": 10233.827719137491
      },
      "signal_method": "directional",
      "model_name": "BidirectionalDeepLSTMModel",
      "seed": "N/A"
    },
    "BidirectionalDeepLSTMModel_hybrid": {
      "type": "ML Model",
      "metrics": {
        "total_return": 3.9826557593959366,
        "annualized_return": 1.326198930820932,
        "buy_hold_return": -8.832335329341301,
        "volatility": 687.987686530622,
        "sharpe_ratio": -0.0009793795475859543,
        "max_drawdown": -51.995665324660465,
        "win_rate": 40.15748031496063,
        "profit_factor": 1.244300176917505,
        "num_trades": 127,
        "final_capital": 10398.265575939593
      },
      "signal_method": "hybrid",
      "model_name": "BidirectionalDeepLSTMModel",
      "seed": "N/A"
    },
    "GRU_Model_threshold": {
      "type": "ML Model",
      "metrics": {
        "total_return": 0.3795110831777526,
        "annualized_return": 0.13322084250584343,
        "buy_hold_return": -6.603518267929632,
        "volatility": 493.6270253544295,
        "sharpe_ratio": -0.0037817604418108773,
        "max_drawdown": -50.704189478467285,
        "win_rate": 58.38509316770186,
        "profit_factor": 1.0925122982456532,
        "num_trades": 161,
        "final_capital": 10037.951108317775
      },
      "signal_method": "threshold",
      "model_name": "GRU_Model",
      "seed": "N/A"
    },
    "GRU_Model_directional": {
      "type": "ML Model",
      "metrics": {
        "total_return": -18.927688194443103,
        "annualized_return": -7.109362201300828,
        "buy_hold_return": -6.603518267929632,
        "volatility": 56.675671554426444,
        "sharpe_ratio": -0.16072790937383036,
        "max_drawdown": -23.483262316749578,
        "win_rate": 40.16620498614959,
        "profit_factor": 0.852882746441016,
        "num_trades": 361,
        "final_capital": 8107.231180555689
      },
      "signal_method": "directional",
      "model_name": "GRU_Model",
      "seed": "N/A"
    },
    "GRU_Model_hybrid": {
      "type": "ML Model",
      "metrics": {
        "total_return": -5.02177907436071,
        "annualized_return": -1.794538137946733,
        "buy_hold_return": -6.603518267929632,
        "volatility": 708.9990930031016,
        "sharpe_ratio": -0.005351964728014305,
        "max_drawdown": -52.89069118273532,
        "win_rate": 42.30769230769231,
        "profit_factor": 0.9119053839428205,
        "num_trades": 130,
        "final_capital": 9497.822092563929
      },
      "signal_method": "hybrid",
      "model_name": "GRU_Model",
      "seed": "N/A"
    },
    "HybridLSTMAttentionModel_threshold": {
      "type": "ML Model",
      "metrics": {
        "total_return": -3.548794307190306,
        "annualized_return": -1.2115437435469834,
        "buy_hold_return": -8.832335329341301,
        "volatility": 417.289156521353,
        "sharpe_ratio": -0.007696207038590149,
        "max_drawdown": -52.69629656901773,
        "win_rate": 64.65517241379311,
        "profit_factor": 0.9593500575864623,
        "num_trades": 116,
        "final_capital": 9645.120569280969
      },
      "signal_method": "threshold",
      "model_name": "HybridLSTMAttentionModel",
      "seed": "N/A"
    },
    "HybridLSTMAttentionModel_directional": {
      "type": "ML Model",
      "metrics": {
        "total_return": 1.7179782820758271,